MOD@1, GE@1
MOD@1, NAN@1
MOD@1, JIAN@1
GE@1, NAN@1
GE@1, JIAN@1
NAN@1, JIAN@1
MOD@2, GE@2
MOD@2, NAN@2
MOD@2, JIAN@2
GE@2, NAN@2
GE@2, JIAN@2
NAN@2, JIAN@2
MOD@3, GE@3
MOD@3, NAN@3
MOD@3, JIAN@3
GE@3, NAN@3
GE@3, JIAN@3
NAN@3, JIAN@3
MOD@4, GE@4
MOD@4, NAN@4
MOD@4, JIAN@4
GE@4, NAN@4
GE@4, JIAN@4
NAN@4, JIAN@4
MOD@5, GE@5
MOD@5, NAN@5
MOD@5, JIAN@5
GE@5, NAN@5
GE@5, JIAN@5
NAN@5, JIAN@5
MOD@6, GE@6
MOD@6, NAN@6
MOD@6, JIAN@6
GE@6, NAN@6
GE@6, JIAN@6
NAN@6, JIAN@6
MOD@7, GE@7
MOD@7, NAN@7
MOD@7, JIAN@7
GE@7, NAN@7
GE@7, JIAN@7
NAN@7, JIAN@7
MOD@8, GE@8
MOD@8, NAN@8
MOD@8, JIAN@8
GE@8, NAN@8
GE@8, JIAN@8
NAN@8, JIAN@8
MOD@9, GE@9
MOD@9, NAN@9
MOD@9, JIAN@9
GE@9, NAN@9
GE@9, JIAN@9
NAN@9, JIAN@9
MOD@10, GE@10
MOD@10, NAN@10
MOD@10, JIAN@10
GE@10, NAN@10
GE@10, JIAN@10
NAN@10, JIAN@10
MOD@11, GE@11
MOD@11, NAN@11
MOD@11, JIAN@11
GE@11, NAN@11
GE@11, JIAN@11
NAN@11, JIAN@11
MOD@12, GE@12
MOD@12, NAN@12
MOD@12, JIAN@12
GE@12, NAN@12
GE@12, JIAN@12
NAN@12, JIAN@12
MOD@13, GE@13
MOD@13, NAN@13
MOD@13, JIAN@13
GE@13, NAN@13
GE@13, JIAN@13
NAN@13, JIAN@13
MOD@14, GE@14
MOD@14, NAN@14
MOD@14, JIAN@14
GE@14, NAN@14
GE@14, JIAN@14
NAN@14, JIAN@14
MOD@15, GE@16
MOD@15, NAN@15
MOD@15, JIAN@15
GE@16, NAN@15
GE@16, JIAN@15
NAN@15, JIAN@15
MOD@16, NAN@16
MOD@16, JIAN@16
NAN@16, JIAN@16
MOD@17, NAN@17
MOD@17, JIAN@17
NAN@17, JIAN@17
MOD@18, NAN@18
MOD@18, JIAN@18
NAN@18, JIAN@18
MOD@19, NAN@19
MOD@19, JIAN@19
NAN@19, JIAN@19
MOD@20, NAN@20
MOD@20, JIAN@20
NAN@20, JIAN@20
MOD@21, GE@17
MOD@21, NAN@21
MOD@21, JIAN@21
GE@17, NAN@21
GE@17, JIAN@21
NAN@21, JIAN@21
MOD@22, GE@18
MOD@22, NAN@22
MOD@22, JIAN@23
GE@18, NAN@22
GE@18, JIAN@23
NAN@22, JIAN@23
MOD@23, NAN@23
MOD@23, JIAN@24
NAN@23, JIAN@24
MOD@24, GE@19
MOD@24, NAN@24
MOD@24, JIAN@22
GE@19, NAN@24
GE@19, JIAN@22
NAN@24, JIAN@22
MOD@25, GE@20
MOD@25, NAN@25
MOD@25, JIAN@25
GE@20, NAN@25
GE@20, JIAN@25
NAN@25, JIAN@25
MOD@26, GE@21
MOD@26, NAN@26
MOD@26, JIAN@26
GE@21, NAN@26
GE@21, JIAN@26
NAN@26, JIAN@26
MOD@27, GE@22
MOD@27, NAN@27
MOD@27, JIAN@27
GE@22, NAN@27
GE@22, JIAN@27
NAN@27, JIAN@27
MOD@28, GE@23
MOD@28, NAN@28
MOD@28, JIAN@28
GE@23, NAN@28
GE@23, JIAN@28
NAN@28, JIAN@28
MOD@29, GE@24
MOD@29, NAN@29
MOD@29, JIAN@29
GE@24, NAN@29
GE@24, JIAN@29
NAN@29, JIAN@29
MOD@30, GE@25
MOD@30, NAN@30
MOD@30, JIAN@30
GE@25, NAN@30
GE@25, JIAN@30
NAN@30, JIAN@30
MOD@31, GE@26
MOD@31, NAN@31
MOD@31, JIAN@31
GE@26, NAN@31
GE@26, JIAN@31
NAN@31, JIAN@31
MOD@32, GE@27
MOD@32, NAN@32
MOD@32, JIAN@32
GE@27, NAN@32
GE@27, JIAN@32
NAN@32, JIAN@32
MOD@33, GE@28
MOD@33, NAN@33
MOD@33, JIAN@33
GE@28, NAN@33
GE@28, JIAN@33
NAN@33, JIAN@33
MOD@34, GE@29
MOD@34, NAN@34
MOD@34, JIAN@34
GE@29, NAN@34
GE@29, JIAN@34
NAN@34, JIAN@34
MOD@35, GE@30
MOD@35, NAN@35
MOD@35, JIAN@35
GE@30, NAN@35
GE@30, JIAN@35
NAN@35, JIAN@35
MOD@36, GE@32
MOD@36, NAN@36
MOD@36, JIAN@36
GE@32, NAN@36
GE@32, JIAN@36
NAN@36, JIAN@36
MOD@37, GE@35
MOD@37, NAN@37
MOD@37, JIAN@37
GE@35, NAN@37
GE@35, JIAN@37
NAN@37, JIAN@37
MOD@38, GE@36
MOD@38, NAN@38
MOD@38, JIAN@38
GE@36, NAN@38
GE@36, JIAN@38
NAN@38, JIAN@38
MOD@39, GE@37
MOD@39, NAN@39a
MOD@39, JIAN@39a
GE@37, NAN@39a
GE@37, JIAN@39a
NAN@39a, JIAN@39a
MOD@40, GE@38
MOD@40, NAN@39b
MOD@40, JIAN@39b
GE@38, NAN@39b
GE@38, JIAN@39b
NAN@39b, JIAN@39b
MOD@41, GE@39
MOD@41, NAN@40
MOD@41, JIAN@40
GE@39, NAN@40
GE@39, JIAN@40
NAN@40, JIAN@40
MOD@42, GE@31
MOD@42, NAN@41
MOD@42, JIAN@41
GE@31, NAN@41
GE@31, JIAN@41
NAN@41, JIAN@41
MOD@43, GE@40
MOD@43, NAN@42
MOD@43, JIAN@42
GE@40, NAN@42
GE@40, JIAN@42
NAN@42, JIAN@42
MOD@44, GE@41
MOD@44, NAN@43
MOD@44, JIAN@43
GE@41, NAN@43
GE@41, JIAN@43
NAN@43, JIAN@43
MOD@45, GE@33
MOD@45, NAN@44
MOD@45, JIAN@44
GE@33, NAN@44
GE@33, JIAN@44
NAN@44, JIAN@44
MOD@46, GE@34
MOD@46, NAN@45a
MOD@46, JIAN@45
GE@34, NAN@45a
GE@34, JIAN@45
NAN@45a, JIAN@45
MOD@47, GE@42
MOD@47, NAN@46
MOD@47, JIAN@46
GE@42, NAN@46
GE@42, JIAN@46
NAN@46, JIAN@46
MOD@48, GE@43
MOD@48, NAN@45b
MOD@48, JIAN@47
GE@43, NAN@45b
GE@43, JIAN@47
NAN@45b, JIAN@47
MOD@49, GE@44
MOD@49, NAN@47a
MOD@49, JIAN@48
GE@44, NAN@47a
GE@44, JIAN@48
NAN@47a, JIAN@48
MOD@50, GE@45
MOD@50, NAN@47b
MOD@50, JIAN@49
GE@45, NAN@47b
GE@45, JIAN@49
NAN@47b, JIAN@49
MOD@51, GE@46
MOD@51, NAN@48
MOD@51, JIAN@50
GE@46, NAN@48
GE@46, JIAN@50
NAN@48, JIAN@50
MOD@52, GE@47
MOD@52, NAN@49a
MOD@52, JIAN@51a
GE@47, NAN@49a
GE@47, JIAN@51a
NAN@49a, JIAN@51a
MOD@53, GE@48
MOD@53, NAN@49b
MOD@53, JIAN@51b
GE@48, NAN@49b
GE@48, JIAN@51b
NAN@49b, JIAN@51b
MOD@54, GE@49
MOD@55, GE@50
MOD@56, GE@51
MOD@57, GE@52
MOD@58, GE@53
MOD@59, GE@54
MOD@60, GE@55
MOD@61, GE@110
MOD@62, GE@222
MOD@63, GE@56
MOD@64, GE@160
MOD@65, GE@57
MOD@66, GE@245
MOD@67, GE@58
MOD@68, GE@242
MOD@69, GE@59
MOD@69, NAN@50
MOD@69, JIAN@52
GE@59, NAN@50
GE@59, JIAN@52
NAN@50, JIAN@52
MOD@70, GE@60
MOD@70, NAN@51
MOD@70, JIAN@53
GE@60, NAN@51
GE@60, JIAN@53
NAN@51, JIAN@53
MOD@71, GE@61
MOD@71, NAN@52
MOD@71, JIAN@54
GE@61, NAN@52
GE@61, JIAN@54
NAN@52, JIAN@54
MOD@72, GE@62
MOD@72, NAN@53
MOD@72, JIAN@55
GE@62, NAN@53
GE@62, JIAN@55
NAN@53, JIAN@55
MOD@73, GE@64
MOD@73, NAN@54
MOD@73, JIAN@56
GE@64, NAN@54
GE@64, JIAN@56
NAN@54, JIAN@56
MOD@74, GE@65
MOD@74, NAN@55
MOD@74, JIAN@57
GE@65, NAN@55
GE@65, JIAN@57
NAN@55, JIAN@57
MOD@75, GE@66
MOD@75, NAN@56
MOD@75, JIAN@58
GE@66, NAN@56
GE@66, JIAN@58
NAN@56, JIAN@58
MOD@76, GE@68
MOD@76, NAN@57
MOD@76, JIAN@59
GE@68, NAN@57
GE@68, JIAN@59
NAN@57, JIAN@59
MOD@77, GE@69
MOD@77, NAN@58
MOD@77, JIAN@60
GE@69, NAN@58
GE@69, JIAN@60
NAN@58, JIAN@60
MOD@78, GE@67
MOD@78, NAN@59
MOD@78, JIAN@61
GE@67, NAN@59
GE@67, JIAN@61
NAN@59, JIAN@61
MOD@79, GE@70
MOD@79, NAN@60
MOD@79, JIAN@62
GE@70, NAN@60
GE@70, JIAN@62
NAN@60, JIAN@62
MOD@80, GE@71
MOD@80, NAN@61
MOD@80, JIAN@63
GE@71, NAN@61
GE@71, JIAN@63
NAN@61, JIAN@63
MOD@81, GE@72
MOD@81, NAN@62
MOD@81, JIAN@64
GE@72, NAN@62
GE@72, JIAN@64
NAN@62, JIAN@64
MOD@82, GE@73
MOD@82, NAN@63
MOD@82, JIAN@65
GE@73, NAN@63
GE@73, JIAN@65
NAN@63, JIAN@65
MOD@83, GE@74
MOD@83, NAN@64
MOD@83, JIAN@66
GE@74, NAN@64
GE@74, JIAN@66
NAN@64, JIAN@66
MOD@84, GE@75
MOD@84, NAN@65
MOD@84, JIAN@67
GE@75, NAN@65
GE@75, JIAN@67
NAN@65, JIAN@67
MOD@85, GE@76
MOD@85, NAN@66
MOD@85, JIAN@68
GE@76, NAN@66
GE@76, JIAN@68
NAN@66, JIAN@68
MOD@86, GE@77
MOD@86, NAN@67
MOD@86, JIAN@69
GE@77, NAN@67
GE@77, JIAN@69
NAN@67, JIAN@69
MOD@87, GE@78
MOD@87, NAN@68
MOD@87, JIAN@70
GE@78, NAN@68
GE@78, JIAN@70
NAN@68, JIAN@70
MOD@88, GE@79
MOD@88, NAN@69a
MOD@88, JIAN@71a
GE@79, NAN@69a
GE@79, JIAN@71a
NAN@69a, JIAN@71a
MOD@89, GE@80
MOD@89, NAN@69b
MOD@89, JIAN@71b
GE@80, NAN@69b
GE@80, JIAN@71b
NAN@69b, JIAN@71b
MOD@90, GE@81
MOD@90, NAN@70
MOD@90, JIAN@72
GE@81, NAN@70
GE@81, JIAN@72
NAN@70, JIAN@72
MOD@91, GE@82
MOD@91, NAN@71
MOD@91, JIAN@73
GE@82, NAN@71
GE@82, JIAN@73
NAN@71, JIAN@73
MOD@92, GE@95
MOD@92, NAN@72
MOD@92, JIAN@74
GE@95, NAN@72
GE@95, JIAN@74
NAN@72, JIAN@74
MOD@93, GE@83
MOD@93, NAN@73
MOD@93, JIAN@75
GE@83, NAN@73
GE@83, JIAN@75
NAN@73, JIAN@75
MOD@94, GE@84
MOD@94, NAN@74
MOD@94, JIAN@76
GE@84, NAN@74
GE@84, JIAN@76
NAN@74, JIAN@76
MOD@95, GE@85
MOD@95, NAN@75
MOD@95, JIAN@77
GE@85, NAN@75
GE@85, JIAN@77
NAN@75, JIAN@77
MOD@96, GE@86
MOD@96, NAN@76
MOD@96, JIAN@78
GE@86, NAN@76
GE@86, JIAN@78
NAN@76, JIAN@78
MOD@97, GE@87
MOD@97, NAN@77
MOD@97, JIAN@79
GE@87, NAN@77
GE@87, JIAN@79
NAN@77, JIAN@79
MOD@98, GE@88
MOD@98, NAN@78
MOD@98, JIAN@80
GE@88, NAN@78
GE@88, JIAN@80
NAN@78, JIAN@80
MOD@99, GE@89
MOD@99, NAN@79
MOD@99, JIAN@81
GE@89, NAN@79
GE@89, JIAN@81
NAN@79, JIAN@81
MOD@100, GE@90
MOD@100, NAN@80
MOD@100, JIAN@82
GE@90, NAN@80
GE@90, JIAN@82
NAN@80, JIAN@82
MOD@101, GE@91
MOD@101, NAN@81
MOD@101, JIAN@83
GE@91, NAN@81
GE@91, JIAN@83
NAN@81, JIAN@83
MOD@102, GE@92
MOD@102, NAN@82
MOD@102, JIAN@84
GE@92, NAN@82
GE@92, JIAN@84
NAN@82, JIAN@84
MOD@103, GE@93
MOD@103, NAN@83
MOD@103, JIAN@85
GE@93, NAN@83
GE@93, JIAN@85
NAN@83, JIAN@85
MOD@104, GE@94
MOD@104, NAN@84
MOD@104, JIAN@86
GE@94, NAN@84
GE@94, JIAN@86
NAN@84, JIAN@86
MOD@105, GE@96
MOD@105, NAN@85
MOD@105, JIAN@87
GE@96, NAN@85
GE@96, JIAN@87
NAN@85, JIAN@87
MOD@106, GE@97
MOD@106, NAN@86
MOD@106, JIAN@88
GE@97, NAN@86
GE@97, JIAN@88
NAN@86, JIAN@88
MOD@107, GE@98
MOD@107, NAN@87
MOD@107, JIAN@89
GE@98, NAN@87
GE@98, JIAN@89
NAN@87, JIAN@89
MOD@108, GE@99
MOD@108, NAN@88
MOD@108, JIAN@90
GE@99, NAN@88
GE@99, JIAN@90
NAN@88, JIAN@90
MOD@109, GE@100
MOD@109, NAN@89
MOD@109, JIAN@91
GE@100, NAN@89
GE@100, JIAN@91
NAN@89, JIAN@91
MOD@110, GE@101
MOD@110, NAN@90
MOD@110, JIAN@92
GE@101, NAN@90
GE@101, JIAN@92
NAN@90, JIAN@92
MOD@111, NAN@91
MOD@111, JIAN@93
NAN@91, JIAN@93
MOD@112, GE@102
MOD@112, NAN@92
MOD@112, JIAN@94
GE@102, NAN@92
GE@102, JIAN@94
NAN@92, JIAN@94
MOD@113, GE@103
MOD@113, NAN@93
MOD@113, JIAN@95
GE@103, NAN@93
GE@103, JIAN@95
NAN@93, JIAN@95
MOD@114, NAN@94
MOD@114, JIAN@96
NAN@94, JIAN@96
MOD@115, GE@104
MOD@115, NAN@95
MOD@115, JIAN@97
GE@104, NAN@95
GE@104, JIAN@97
NAN@95, JIAN@97
MOD@116, GE@105
MOD@116, NAN@96
MOD@116, JIAN@98
GE@105, NAN@96
GE@105, JIAN@98
NAN@96, JIAN@98
MOD@117, GE@106
MOD@117, NAN@97a
MOD@117, JIAN@99
GE@106, NAN@97a
GE@106, JIAN@99
NAN@97a, JIAN@99
MOD@118, GE@107
MOD@118, NAN@97b
MOD@118, JIAN@100
GE@107, NAN@97b
GE@107, JIAN@100
NAN@97b, JIAN@100
MOD@119, GE@108
MOD@119, NAN@98a
MOD@119, JIAN@101
GE@108, NAN@98a
GE@108, JIAN@101
NAN@98a, JIAN@101
MOD@120, GE@109
MOD@120, NAN@98b
MOD@120, JIAN@102
GE@109, NAN@98b
GE@109, JIAN@102
NAN@98b, JIAN@102
MOD@121, GE@112
MOD@121, NAN@99
MOD@121, JIAN@103
GE@112, NAN@99
GE@112, JIAN@103
NAN@99, JIAN@103
MOD@122, GE@111
MOD@122, NAN@100
MOD@122, JIAN@104
GE@111, NAN@100
GE@111, JIAN@104
NAN@100, JIAN@104
MOD@123, GE@15
MOD@123, NAN@101
MOD@123, JIAN@105
GE@15, NAN@101
GE@15, JIAN@105
NAN@101, JIAN@105
MOD@124, GE@113
MOD@124, NAN@102
MOD@124, JIAN@106
GE@113, NAN@102
GE@113, JIAN@106
NAN@102, JIAN@106
MOD@125, GE@114
MOD@125, NAN@103
MOD@125, JIAN@107
GE@114, NAN@103
GE@114, JIAN@107
NAN@103, JIAN@107
MOD@126, GE@115
MOD@126, NAN@104
MOD@126, JIAN@108
GE@115, NAN@104
GE@115, JIAN@108
NAN@104, JIAN@108
MOD@127, GE@116
MOD@127, NAN@105
MOD@127, JIAN@109
GE@116, NAN@105
GE@116, JIAN@109
NAN@105, JIAN@109
MOD@128, GE@118
MOD@128, NAN@106
MOD@128, JIAN@110
GE@118, NAN@106
GE@118, JIAN@110
NAN@106, JIAN@110
MOD@129, GE@119
MOD@129, NAN@107
MOD@129, JIAN@111
GE@119, NAN@107
GE@119, JIAN@111
NAN@107, JIAN@111
MOD@130, GE@120
MOD@130, NAN@108
MOD@130, JIAN@112
GE@120, NAN@108
GE@120, JIAN@112
NAN@108, JIAN@112
MOD@131, GE@121
MOD@131, NAN@109a
MOD@131, JIAN@113a
GE@121, NAN@109a
GE@121, JIAN@113a
NAN@109a, JIAN@113a
MOD@132, GE@122
MOD@132, NAN@109b
MOD@132, JIAN@113b
GE@122, NAN@109b
GE@122, JIAN@113b
NAN@109b, JIAN@113b
MOD@133, GE@123
MOD@133, NAN@110
MOD@133, JIAN@114
GE@123, NAN@110
GE@123, JIAN@114
NAN@110, JIAN@114
MOD@134, GE@124
MOD@134, NAN@111
MOD@134, JIAN@115
GE@124, NAN@111
GE@124, JIAN@115
NAN@111, JIAN@115
MOD@135, GE@125
MOD@135, NAN@112
MOD@135, JIAN@116
GE@125, NAN@112
GE@125, JIAN@116
NAN@112, JIAN@116
MOD@136, GE@126
MOD@136, NAN@113
MOD@136, JIAN@117
GE@126, NAN@113
GE@126, JIAN@117
NAN@113, JIAN@117
MOD@137, GE@127
MOD@137, NAN@114
MOD@137, JIAN@118
GE@127, NAN@114
GE@127, JIAN@118
NAN@114, JIAN@118
MOD@138, GE@128
MOD@138, NAN@115
MOD@138, JIAN@119a
GE@128, NAN@115
GE@128, JIAN@119a
NAN@115, JIAN@119a
MOD@139, GE@129
MOD@139, NAN@116
MOD@139, JIAN@119b
GE@129, NAN@116
GE@129, JIAN@119b
NAN@116, JIAN@119b
MOD@140, GE@130
MOD@140, NAN@117
MOD@140, JIAN@120
GE@130, NAN@117
GE@130, JIAN@120
NAN@117, JIAN@120
MOD@141, GE@132
MOD@141, NAN@118
MOD@141, JIAN@121
GE@132, NAN@118
GE@132, JIAN@121
NAN@118, JIAN@121
MOD@142, GE@134
MOD@142, NAN@119
MOD@142, JIAN@122
GE@134, NAN@119
GE@134, JIAN@122
NAN@119, JIAN@122
MOD@143, GE@131
MOD@143, NAN@120
MOD@143, JIAN@123
GE@131, NAN@120
GE@131, JIAN@123
NAN@120, JIAN@123
MOD@144, GE@133
MOD@144, NAN@121
MOD@144, JIAN@124
GE@133, NAN@121
GE@133, JIAN@124
NAN@121, JIAN@124
MOD@145, GE@135
MOD@145, NAN@122
MOD@145, JIAN@125
GE@135, NAN@122
GE@135, JIAN@125
NAN@122, JIAN@125
MOD@146, GE@136
MOD@146, NAN@123
MOD@146, JIAN@126
GE@136, NAN@123
GE@136, JIAN@126
NAN@123, JIAN@126
MOD@147, GE@137
MOD@147, NAN@124
MOD@147, JIAN@127
GE@137, NAN@124
GE@137, JIAN@127
NAN@124, JIAN@127
MOD@148, GE@138
MOD@148, NAN@125
MOD@148, JIAN@128
GE@138, NAN@125
GE@138, JIAN@128
NAN@125, JIAN@128
MOD@149, GE@139
MOD@149, NAN@126
MOD@149, JIAN@129
GE@139, NAN@126
GE@139, JIAN@129
NAN@126, JIAN@129
MOD@150, GE@144
MOD@150, NAN@127
MOD@150, JIAN@130
GE@144, NAN@127
GE@144, JIAN@130
NAN@127, JIAN@130
MOD@151, GE@145
MOD@151, NAN@128a
MOD@151, JIAN@131
GE@145, NAN@128a
GE@145, JIAN@131
NAN@128a, JIAN@131
MOD@152, GE@146
MOD@152, NAN@128b
MOD@152, JIAN@132
GE@146, NAN@128b
GE@146, JIAN@132
NAN@128b, JIAN@132
MOD@153, GE@147
MOD@153, NAN@129
MOD@153, JIAN@133
GE@147, NAN@129
GE@147, JIAN@133
NAN@129, JIAN@133
MOD@154, GE@148
MOD@154, NAN@130
MOD@154, JIAN@134
GE@148, NAN@130
GE@148, JIAN@134
NAN@130, JIAN@134
MOD@155, GE@149
MOD@155, NAN@131
MOD@155, JIAN@135
GE@149, NAN@131
GE@149, JIAN@135
NAN@131, JIAN@135
MOD@156, GE@150
MOD@156, NAN@132
MOD@156, JIAN@136
GE@150, NAN@132
GE@150, JIAN@136
NAN@132, JIAN@136
MOD@157, GE@151
MOD@157, NAN@133
MOD@157, JIAN@137
GE@151, NAN@133
GE@151, JIAN@137
NAN@133, JIAN@137
MOD@158, GE@152
MOD@158, NAN@134
MOD@158, JIAN@138
GE@152, NAN@134
GE@152, JIAN@138
NAN@134, JIAN@138
MOD@159, GE@153
MOD@159, NAN@135
MOD@159, JIAN@139
GE@153, NAN@135
GE@153, JIAN@139
NAN@135, JIAN@139
MOD@160, NAN@136
MOD@160, JIAN@140
NAN@136, JIAN@140
MOD@161, GE@155
MOD@161, NAN@137
MOD@161, JIAN@141
GE@155, NAN@137
GE@155, JIAN@141
NAN@137, JIAN@141
MOD@162, GE@156
MOD@162, NAN@138
MOD@162, JIAN@142
GE@156, NAN@138
GE@156, JIAN@142
NAN@138, JIAN@142
MOD@163, GE@157
MOD@163, NAN@139
MOD@163, JIAN@143
GE@157, NAN@139
GE@157, JIAN@143
NAN@139, JIAN@143
MOD@164, GE@158
MOD@164, NAN@140
MOD@164, JIAN@144
GE@158, NAN@140
GE@158, JIAN@144
NAN@140, JIAN@144
MOD@165, GE@161
MOD@165, NAN@141
MOD@165, JIAN@145
GE@161, NAN@141
GE@161, JIAN@145
NAN@141, JIAN@145
MOD@166, GE@162
MOD@166, NAN@142
MOD@166, JIAN@146
GE@162, NAN@142
GE@162, JIAN@146
NAN@142, JIAN@146
MOD@167, GE@163
MOD@167, NAN@143
MOD@167, JIAN@147
GE@163, NAN@143
GE@163, JIAN@147
NAN@143, JIAN@147
MOD@168, NAN@144
MOD@168, JIAN@148
NAN@144, JIAN@148
MOD@169, NAN@145a
MOD@169, JIAN@149a
NAN@145a, JIAN@149a
MOD@170, NAN@145b
MOD@170, JIAN@149b
NAN@145b, JIAN@149b
MOD@171, GE@164
MOD@171, NAN@146
MOD@171, JIAN@150
GE@164, NAN@146
GE@164, JIAN@150
NAN@146, JIAN@150
MOD@172, GE@165
MOD@172, NAN@147
MOD@172, JIAN@151
GE@165, NAN@147
GE@165, JIAN@151
NAN@147, JIAN@151
MOD@173, GE@166
MOD@173, NAN@148
MOD@173, JIAN@152
GE@166, NAN@148
GE@166, JIAN@152
NAN@148, JIAN@152
MOD@174, NAN@149
MOD@174, JIAN@153
NAN@149, JIAN@153
MOD@175, GE@167
MOD@175, NAN@150
MOD@175, JIAN@154
GE@167, NAN@150
GE@167, JIAN@154
NAN@150, JIAN@154
MOD@176, GE@168
MOD@176, NAN@151
MOD@176, JIAN@155
GE@168, NAN@151
GE@168, JIAN@155
NAN@151, JIAN@155
MOD@177, NAN@152
MOD@177, JIAN@156
NAN@152, JIAN@156
MOD@178, NAN@153
MOD@178, JIAN@157
NAN@153, JIAN@157
MOD@179, NAN@154
MOD@179, JIAN@158
NAN@154, JIAN@158
MOD@180, GE@169
MOD@180, NAN@155
MOD@180, JIAN@159
GE@169, NAN@155
GE@169, JIAN@159
NAN@155, JIAN@159
MOD@181, GE@170
MOD@181, NAN@156
MOD@181, JIAN@160
GE@170, NAN@156
GE@170, JIAN@160
NAN@156, JIAN@160
MOD@182, GE@171
MOD@182, NAN@157
MOD@182, JIAN@161
GE@171, NAN@157
GE@171, JIAN@161
NAN@157, JIAN@161
MOD@183, GE@172
MOD@183, NAN@158
MOD@183, JIAN@162
GE@172, NAN@158
GE@172, JIAN@162
NAN@158, JIAN@162
MOD@184, NAN@159
MOD@184, JIAN@163
NAN@159, JIAN@163
MOD@185, GE@173
MOD@185, NAN@160
MOD@185, JIAN@164
GE@173, NAN@160
GE@173, JIAN@164
NAN@160, JIAN@164
MOD@186, GE@174
MOD@186, NAN@161
MOD@186, JIAN@165
GE@174, NAN@161
GE@174, JIAN@165
NAN@161, JIAN@165
MOD@187, GE@141
MOD@187, NAN@162
MOD@187, JIAN@166
GE@141, NAN@162
GE@141, JIAN@166
NAN@162, JIAN@166
MOD@188, GE@142
MOD@188, NAN@163
MOD@188, JIAN@167
GE@142, NAN@163
GE@142, JIAN@167
NAN@163, JIAN@167
MOD@189, NAN@164
MOD@189, JIAN@168
NAN@164, JIAN@168
MOD@190, GE@143
MOD@190, NAN@165
MOD@190, JIAN@169
GE@143, NAN@165
GE@143, JIAN@169
NAN@165, JIAN@169
MOD@191, GE@159
MOD@192, GE@175
MOD@192, NAN@166
MOD@192, JIAN@170
GE@175, NAN@166
GE@175, JIAN@170
NAN@166, JIAN@170
MOD@193, GE@176
MOD@193, NAN@167
MOD@193, JIAN@171
GE@176, NAN@167
GE@176, JIAN@171
NAN@167, JIAN@171
MOD@194, GE@177
MOD@194, NAN@168
MOD@194, JIAN@172
GE@177, NAN@168
GE@177, JIAN@172
NAN@168, JIAN@172
MOD@195, GE@178
MOD@195, NAN@169
MOD@195, JIAN@173
GE@178, NAN@169
GE@178, JIAN@173
NAN@169, JIAN@173
MOD@196, GE@179
MOD@196, NAN@170
MOD@196, JIAN@174
GE@179, NAN@170
GE@179, JIAN@174
NAN@170, JIAN@174
MOD@197, GE@180
MOD@197, NAN@171
MOD@197, JIAN@175
GE@180, NAN@171
GE@180, JIAN@175
NAN@171, JIAN@175
MOD@198, GE@181
MOD@198, NAN@172
MOD@198, JIAN@176
GE@181, NAN@172
GE@181, JIAN@176
NAN@172, JIAN@176
MOD@199, GE@182
MOD@199, NAN@173
MOD@199, JIAN@177
GE@182, NAN@173
GE@182, JIAN@177
NAN@173, JIAN@177
MOD@200, GE@183
MOD@200, NAN@174a
MOD@200, JIAN@178a
GE@183, NAN@174a
GE@183, JIAN@178a
NAN@174a, JIAN@178a
MOD@201, NAN@174b
MOD@201, JIAN@178b
NAN@174b, JIAN@178b
MOD@202, GE@184
MOD@202, NAN@175
MOD@202, JIAN@179
GE@184, NAN@175
GE@184, JIAN@179
NAN@175, JIAN@179
MOD@203, GE@185
MOD@203, NAN@176
MOD@203, JIAN@180
GE@185, NAN@176
GE@185, JIAN@180
NAN@176, JIAN@180
MOD@204, GE@186
MOD@204, NAN@177
MOD@204, JIAN@181
GE@186, NAN@177
GE@186, JIAN@181
NAN@177, JIAN@181
MOD@205, GE@187
MOD@205, NAN@178
MOD@205, JIAN@182
GE@187, NAN@178
GE@187, JIAN@182
NAN@178, JIAN@182
MOD@206, GE@188
MOD@206, NAN@179
MOD@206, JIAN@183
GE@188, NAN@179
GE@188, JIAN@183
NAN@179, JIAN@183
MOD@207, GE@189
MOD@207, NAN@180
MOD@207, JIAN@184
GE@189, NAN@180
GE@189, JIAN@184
NAN@180, JIAN@184
MOD@208, GE@190
MOD@208, NAN@181
MOD@208, JIAN@185
GE@190, NAN@181
GE@190, JIAN@185
NAN@181, JIAN@185
MOD@209, GE@191
MOD@209, NAN@182
MOD@209, JIAN@186
GE@191, NAN@182
GE@191, JIAN@186
NAN@182, JIAN@186
MOD@210, GE@192
MOD@210, NAN@183
MOD@210, JIAN@187
GE@192, NAN@183
GE@192, JIAN@187
NAN@183, JIAN@187
MOD@211, GE@193
MOD@211, NAN@184
MOD@211, JIAN@188
GE@193, NAN@184
GE@193, JIAN@188
NAN@184, JIAN@188
MOD@212, GE@63
MOD@212, NAN@185
MOD@212, JIAN@189
GE@63, NAN@185
GE@63, JIAN@189
NAN@185, JIAN@189
MOD@213, GE@194
MOD@213, NAN@186
MOD@213, JIAN@190
GE@194, NAN@186
GE@194, JIAN@190
NAN@186, JIAN@190
MOD@214, GE@195
MOD@214, NAN@187a
MOD@214, JIAN@191
GE@195, NAN@187a
GE@195, JIAN@191
NAN@187a, JIAN@191
MOD@215, GE@196
MOD@215, NAN@187b
MOD@215, JIAN@192
GE@196, NAN@187b
GE@196, JIAN@192
NAN@187b, JIAN@192
MOD@216, GE@197
MOD@216, NAN@188
MOD@216, JIAN@193
GE@197, NAN@188
GE@197, JIAN@193
NAN@188, JIAN@193
MOD@217, GE@198
MOD@217, NAN@189
MOD@217, JIAN@194
GE@198, NAN@189
GE@198, JIAN@194
NAN@189, JIAN@194
MOD@218, GE@199
MOD@218, NAN@190
MOD@218, JIAN@195
GE@199, NAN@190
GE@199, JIAN@195
NAN@190, JIAN@195
MOD@219, NAN@191
MOD@219, JIAN@196
NAN@191, JIAN@196
MOD@220, GE@200
MOD@220, NAN@192
MOD@220, JIAN@197
GE@200, NAN@192
GE@200, JIAN@197
NAN@192, JIAN@197
MOD@221, GE@201
MOD@221, NAN@193
MOD@221, JIAN@198
GE@201, NAN@193
GE@201, JIAN@198
NAN@193, JIAN@198
MOD@222, NAN@194
MOD@222, JIAN@199
NAN@194, JIAN@199
MOD@223, GE@202
MOD@223, NAN@195
MOD@223, JIAN@200
GE@202, NAN@195
GE@202, JIAN@200
NAN@195, JIAN@200
MOD@224, GE@203
MOD@224, NAN@196
MOD@224, JIAN@201
GE@203, NAN@196
GE@203, JIAN@201
NAN@196, JIAN@201
MOD@225, GE@204
MOD@225, NAN@197
MOD@225, JIAN@202
GE@204, NAN@197
GE@204, JIAN@202
NAN@197, JIAN@202
MOD@226, GE@205
MOD@226, NAN@198a
MOD@226, JIAN@203
GE@205, NAN@198a
GE@205, JIAN@203
NAN@198a, JIAN@203
MOD@227, GE@206
MOD@227, NAN@198b
MOD@227, JIAN@204
GE@206, NAN@198b
GE@206, JIAN@204
NAN@198b, JIAN@204
MOD@228, GE@207
MOD@228, NAN@199
MOD@228, JIAN@205
GE@207, NAN@199
GE@207, JIAN@205
NAN@199, JIAN@205
MOD@229, GE@208
MOD@229, NAN@200
MOD@229, JIAN@206
GE@208, NAN@200
GE@208, JIAN@206
NAN@200, JIAN@206
MOD@230, GE@209
MOD@230, NAN@201
MOD@230, JIAN@207
GE@209, NAN@201
GE@209, JIAN@207
NAN@201, JIAN@207
MOD@231, GE@210
MOD@231, NAN@202
MOD@231, JIAN@208
GE@210, NAN@202
GE@210, JIAN@208
NAN@202, JIAN@208
MOD@232, GE@154
MOD@232, NAN@203
MOD@232, JIAN@209
GE@154, NAN@203
GE@154, JIAN@209
NAN@203, JIAN@209
MOD@233, GE@211
MOD@233, NAN@204
MOD@233, JIAN@210
GE@211, NAN@204
GE@211, JIAN@210
NAN@204, JIAN@210
MOD@234, GE@212
MOD@234, NAN@205a
MOD@234, JIAN@211
GE@212, NAN@205a
GE@212, JIAN@211
NAN@205a, JIAN@211
MOD@235, GE@213
MOD@235, NAN@205b
MOD@235, JIAN@212
GE@213, NAN@205b
GE@213, JIAN@212
NAN@205b, JIAN@212
MOD@236, GE@140
MOD@236, NAN@206
MOD@236, JIAN@213
GE@140, NAN@206
GE@140, JIAN@213
NAN@206, JIAN@213
MOD@237, GE@117
MOD@237, NAN@207
MOD@237, JIAN@214
GE@117, NAN@207
GE@117, JIAN@214
NAN@207, JIAN@214
MOD@238, GE@214
MOD@238, NAN@208
MOD@238, JIAN@215
GE@214, NAN@208
GE@214, JIAN@215
NAN@208, JIAN@215
MOD@239, GE@215
MOD@239, NAN@209
MOD@239, JIAN@216
GE@215, NAN@209
GE@215, JIAN@216
NAN@209, JIAN@216
MOD@240, GE@216
MOD@240, NAN@210
MOD@240, JIAN@217
GE@216, NAN@210
GE@216, JIAN@217
NAN@210, JIAN@217
MOD@241, GE@217
MOD@241, NAN@211
MOD@241, JIAN@218
GE@217, NAN@211
GE@217, JIAN@218
NAN@211, JIAN@218
MOD@242, GE@218
MOD@242, NAN@212
MOD@242, JIAN@219
GE@218, NAN@212
GE@218, JIAN@219
NAN@212, JIAN@219
MOD@243, NAN@213
MOD@243, JIAN@220
NAN@213, JIAN@220
MOD@244, GE@219
MOD@244, NAN@214
MOD@244, JIAN@221
GE@219, NAN@214
GE@219, JIAN@221
NAN@214, JIAN@221
MOD@245, GE@220
MOD@245, NAN@215
MOD@245, JIAN@222
GE@220, NAN@215
GE@220, JIAN@222
NAN@215, JIAN@222
MOD@246, GE@221
MOD@246, NAN@216
MOD@246, JIAN@223
GE@221, NAN@216
GE@221, JIAN@223
NAN@216, JIAN@223
MOD@247, GE@223
MOD@247, NAN@217
MOD@247, JIAN@224
GE@223, NAN@217
GE@223, JIAN@224
NAN@217, JIAN@224
MOD@248, GE@224
MOD@248, NAN@218
MOD@248, JIAN@225
GE@224, NAN@218
GE@224, JIAN@225
NAN@218, JIAN@225
MOD@249, GE@225
MOD@249, NAN@220
MOD@249, JIAN@226
GE@225, NAN@220
GE@225, JIAN@226
NAN@220, JIAN@226
MOD@250, GE@226
MOD@250, NAN@221
MOD@250, JIAN@227
GE@226, NAN@221
GE@226, JIAN@227
NAN@221, JIAN@227
MOD@251, GE@227
MOD@251, NAN@222
MOD@251, JIAN@228
GE@227, NAN@222
GE@227, JIAN@228
NAN@222, JIAN@228
MOD@252, GE@228
MOD@252, NAN@223
MOD@252, JIAN@229
GE@228, NAN@223
GE@228, JIAN@229
NAN@223, JIAN@229
MOD@253, GE@229
MOD@253, NAN@224
MOD@253, JIAN@230
GE@229, NAN@224
GE@229, JIAN@230
NAN@224, JIAN@230
MOD@254, GE@230
MOD@254, NAN@225
MOD@254, JIAN@231
GE@230, NAN@225
GE@230, JIAN@231
NAN@225, JIAN@231
MOD@255, GE@231
MOD@255, NAN@226
MOD@255, JIAN@232
GE@231, NAN@226
GE@231, JIAN@232
NAN@226, JIAN@232
MOD@256, GE@232
MOD@256, NAN@227a
MOD@256, JIAN@233
GE@232, NAN@227a
GE@232, JIAN@233
NAN@227a, JIAN@233
MOD@257, GE@233
MOD@257, NAN@227b
MOD@257, JIAN@234
GE@233, NAN@227b
GE@233, JIAN@234
NAN@227b, JIAN@234
MOD@258, GE@234
MOD@258, NAN@219
MOD@258, JIAN@235
GE@234, NAN@219
GE@234, JIAN@235
NAN@219, JIAN@235
MOD@259, GE@235
MOD@259, NAN@228
MOD@259, JIAN@236
GE@235, NAN@228
GE@235, JIAN@236
NAN@228, JIAN@236
MOD@260, GE@236
MOD@260, NAN@229
MOD@260, JIAN@237
GE@236, NAN@229
GE@236, JIAN@237
NAN@229, JIAN@237
MOD@261, GE@237
MOD@261, NAN@230
MOD@261, JIAN@238
GE@237, NAN@230
GE@237, JIAN@238
NAN@230, JIAN@238
MOD@262, NAN@231
MOD@262, JIAN@239
NAN@231, JIAN@239
MOD@263, GE@238
MOD@263, NAN@232
MOD@263, JIAN@240
GE@238, NAN@232
GE@238, JIAN@240
NAN@232, JIAN@240
MOD@264, GE@239
MOD@264, NAN@233
MOD@264, JIAN@241
GE@239, NAN@233
GE@239, JIAN@241
NAN@233, JIAN@241
MOD@265, GE@240
MOD@265, NAN@234
MOD@265, JIAN@242
GE@240, NAN@234
GE@240, JIAN@242
NAN@234, JIAN@242
MOD@266, GE@241
MOD@266, NAN@235
MOD@266, JIAN@243
GE@241, NAN@235
GE@241, JIAN@243
NAN@235, JIAN@243
MOD@267, GE@243
MOD@267, NAN@236a
MOD@267, JIAN@244
GE@243, NAN@236a
GE@243, JIAN@244
NAN@236a, JIAN@244
MOD@268, GE@244
MOD@268, NAN@236b
MOD@268, JIAN@245
GE@244, NAN@236b
GE@244, JIAN@245
NAN@236b, JIAN@245
MOD@269, GE@246
MOD@269, NAN@237
MOD@269, JIAN@246
GE@246, NAN@237
GE@246, JIAN@246
NAN@237, JIAN@246
MOD@270, GE@247
MOD@270, NAN@238
MOD@270, JIAN@247
GE@247, NAN@238
GE@247, JIAN@247
NAN@238, JIAN@247
MOD@271, GE@248
MOD@271, NAN@239
MOD@271, JIAN@248
GE@248, NAN@239
GE@248, JIAN@248
NAN@239, JIAN@248
MOD@272, GE@249
MOD@272, NAN@240
MOD@272, JIAN@249
GE@249, NAN@240
GE@249, JIAN@249
NAN@240, JIAN@249
MOD@273, GE@250
MOD@273, NAN@241
MOD@273, JIAN@250
GE@250, NAN@241
GE@250, JIAN@250
NAN@241, JIAN@250
MOD@274, GE@251
MOD@274, NAN@242
MOD@274, JIAN@251
GE@251, NAN@242
GE@251, JIAN@251
NAN@242, JIAN@251
MOD@275, GE@252
MOD@275, NAN@243
MOD@275, JIAN@252
GE@252, NAN@243
GE@252, JIAN@252
NAN@243, JIAN@252
MOD@276, GE@253
MOD@276, NAN@244
MOD@276, JIAN@253
GE@253, NAN@244
GE@253, JIAN@253
NAN@244, JIAN@253
MOD@277, GE@254
MOD@277, NAN@245
MOD@277, JIAN@254
GE@254, NAN@245
GE@254, JIAN@254
NAN@245, JIAN@254
MOD@278, GE@255
MOD@278, NAN@246
MOD@278, JIAN@255
GE@255, NAN@246
GE@255, JIAN@255
NAN@246, JIAN@255
MOD@279, GE@256
MOD@279, NAN@247
MOD@279, JIAN@256
GE@256, NAN@247
GE@256, JIAN@256
NAN@247, JIAN@256
MOD@280, GE@257
MOD@280, NAN@248
MOD@280, JIAN@257
GE@257, NAN@248
GE@257, JIAN@257
NAN@248, JIAN@257
MOD@281, GE@258
MOD@281, NAN@249
MOD@281, JIAN@258
GE@258, NAN@249
GE@258, JIAN@258
NAN@249, JIAN@258
